train_loss,train_elbo_loss,epoch,step,valid_loss,valid_elbo_loss
0.2664356231689453,0.2664356231689453,0,127,,
0.16002805531024933,0.16002805531024933,1,255,,
0.15803390741348267,0.15803390741348267,2,383,,
0.15324842929840088,0.15324842929840088,3,511,,
0.14902779459953308,0.14902779459953308,4,639,,
0.1444060057401657,0.1444060057401657,5,767,,
0.14699187874794006,0.14699187874794006,6,895,,
0.14223484694957733,0.14223484694957733,7,1023,,
0.14667603373527527,0.14667603373527527,8,1151,,
0.14658589661121368,0.14658589661121368,9,1279,,
0.1510917842388153,0.1510917842388153,10,1407,,
0.1423368901014328,0.1423368901014328,11,1535,,
0.14232058823108673,0.14232058823108673,12,1663,,
0.14627008140087128,0.14627008140087128,13,1791,,
0.14213037490844727,0.14213037490844727,14,1919,,
0.14615827798843384,0.14615827798843384,15,2047,,
0.1412237584590912,0.1412237584590912,16,2175,,
0.14279292523860931,0.14279292523860931,17,2303,,
0.14133210480213165,0.14133210480213165,18,2431,,
0.1430211067199707,0.1430211067199707,19,2559,,
0.14079338312149048,0.14079338312149048,20,2687,,
0.14269940555095673,0.14269940555095673,21,2815,,
0.14190107583999634,0.14190107583999634,22,2943,,
0.14153514802455902,0.14153514802455902,23,3071,,
0.1397831290960312,0.1397831290960312,24,3199,,
0.14259450137615204,0.14259450137615204,25,3327,,
0.1432974636554718,0.1432974636554718,26,3455,,
0.14007629454135895,0.14007629454135895,27,3583,,
0.1410156637430191,0.1410156637430191,28,3711,,
0.1397733837366104,0.1397733837366104,29,3839,,
0.14003883302211761,0.14003883302211761,30,3967,,
0.14063993096351624,0.14063993096351624,31,4095,,
0.142761692404747,0.142761692404747,32,4223,,
0.13939568400382996,0.13939568400382996,33,4351,,
0.14113567769527435,0.14113567769527435,34,4479,,
0.143675297498703,0.143675297498703,35,4607,,
0.1384042203426361,0.1384042203426361,36,4735,,
0.13812324404716492,0.13812324404716492,37,4863,,
0.14114177227020264,0.14114177227020264,38,4991,,
0.14215633273124695,0.14215633273124695,39,5119,,
0.1385522037744522,0.1385522037744522,40,5247,,
0.14015258848667145,0.14015258848667145,41,5375,,
0.1374174803495407,0.1374174803495407,42,5503,,
0.13665874302387238,0.13665874302387238,43,5631,,
0.13784092664718628,0.13784092664718628,44,5759,,
0.14162349700927734,0.14162349700927734,45,5887,,
0.14036248624324799,0.14036248624324799,46,6015,,
0.13675154745578766,0.13675154745578766,47,6143,,
0.13903780281543732,0.13903780281543732,48,6271,,
,,49,6399,0.13844645023345947,0.13844645023345947
0.14022153615951538,0.14022153615951538,49,6399,,
0.1389518529176712,0.1389518529176712,50,6527,,
0.13759510219097137,0.13759510219097137,51,6655,,
0.1402669996023178,0.1402669996023178,52,6783,,
0.14032399654388428,0.14032399654388428,53,6911,,
0.13807296752929688,0.13807296752929688,54,7039,,
0.13950283825397491,0.13950283825397491,55,7167,,
0.1379317343235016,0.1379317343235016,56,7295,,
0.14128872752189636,0.14128872752189636,57,7423,,
0.14043568074703217,0.14043568074703217,58,7551,,
0.13736407458782196,0.13736407458782196,59,7679,,
0.13606521487236023,0.13606521487236023,60,7807,,
0.14076390862464905,0.14076390862464905,61,7935,,
0.1441645473241806,0.1441645473241806,62,8063,,
0.1397627592086792,0.1397627592086792,63,8191,,
0.13972324132919312,0.13972324132919312,64,8319,,
0.13573983311653137,0.13573983311653137,65,8447,,
0.13856470584869385,0.13856470584869385,66,8575,,
0.13777732849121094,0.13777732849121094,67,8703,,
0.13799555599689484,0.13799555599689484,68,8831,,
0.13797834515571594,0.13797834515571594,69,8959,,
0.13601212203502655,0.13601212203502655,70,9087,,
0.13805325329303741,0.13805325329303741,71,9215,,
0.13869813084602356,0.13869813084602356,72,9343,,
0.1385258585214615,0.1385258585214615,73,9471,,
0.13592197000980377,0.13592197000980377,74,9599,,
0.14088232815265656,0.14088232815265656,75,9727,,
0.13957878947257996,0.13957878947257996,76,9855,,
0.13764242827892303,0.13764242827892303,77,9983,,
0.13973641395568848,0.13973641395568848,78,10111,,
0.13830363750457764,0.13830363750457764,79,10239,,
0.13675518333911896,0.13675518333911896,80,10367,,
0.13766445219516754,0.13766445219516754,81,10495,,
0.1390095055103302,0.1390095055103302,82,10623,,
0.13781285285949707,0.13781285285949707,83,10751,,
0.13706201314926147,0.13706201314926147,84,10879,,
0.13935494422912598,0.13935494422912598,85,11007,,
0.13667094707489014,0.13667094707489014,86,11135,,
0.13882902264595032,0.13882902264595032,87,11263,,
0.13645422458648682,0.13645422458648682,88,11391,,
0.13863027095794678,0.13863027095794678,89,11519,,
0.13658642768859863,0.13658642768859863,90,11647,,
0.1407414823770523,0.1407414823770523,91,11775,,
0.13748496770858765,0.13748496770858765,92,11903,,
0.13835343718528748,0.13835343718528748,93,12031,,
0.1392815262079239,0.1392815262079239,94,12159,,
0.13851693272590637,0.13851693272590637,95,12287,,
0.139309823513031,0.139309823513031,96,12415,,
0.13788260519504547,0.13788260519504547,97,12543,,
0.13633254170417786,0.13633254170417786,98,12671,,
,,99,12799,0.13793563842773438,0.13793563842773438
0.13647311925888062,0.13647311925888062,99,12799,,
0.1372699737548828,0.1372699737548828,100,12927,,
0.13861654698848724,0.13861654698848724,101,13055,,
0.13940781354904175,0.13940781354904175,102,13183,,
0.13853637874126434,0.13853637874126434,103,13311,,
0.13801129162311554,0.13801129162311554,104,13439,,
0.1395207792520523,0.1395207792520523,105,13567,,
0.13893845677375793,0.13893845677375793,106,13695,,
0.1398734152317047,0.1398734152317047,107,13823,,
0.1389726847410202,0.1389726847410202,108,13951,,
0.13631388545036316,0.13631388545036316,109,14079,,
0.1388089954853058,0.1388089954853058,110,14207,,
0.13860370218753815,0.13860370218753815,111,14335,,
0.1397666186094284,0.1397666186094284,112,14463,,
0.13863533735275269,0.13863533735275269,113,14591,,
0.13874602317810059,0.13874602317810059,114,14719,,
0.13944672048091888,0.13944672048091888,115,14847,,
0.1408698707818985,0.1408698707818985,116,14975,,
0.13716335594654083,0.13716335594654083,117,15103,,
0.1382708102464676,0.1382708102464676,118,15231,,
0.13710209727287292,0.13710209727287292,119,15359,,
0.1391044557094574,0.1391044557094574,120,15487,,
0.13992831110954285,0.13992831110954285,121,15615,,
0.13548359274864197,0.13548359274864197,122,15743,,
0.1347810924053192,0.1347810924053192,123,15871,,
0.13906128704547882,0.13906128704547882,124,15999,,
0.13982145488262177,0.13982145488262177,125,16127,,
0.1382981687784195,0.1382981687784195,126,16255,,
0.1368427276611328,0.1368427276611328,127,16383,,
0.13748182356357574,0.13748182356357574,128,16511,,
0.13428738713264465,0.13428738713264465,129,16639,,
0.13843873143196106,0.13843873143196106,130,16767,,
0.1348704695701599,0.1348704695701599,131,16895,,
0.13620012998580933,0.13620012998580933,132,17023,,
0.13731715083122253,0.13731715083122253,133,17151,,
0.13643059134483337,0.13643059134483337,134,17279,,
0.13860076665878296,0.13860076665878296,135,17407,,
0.13716785609722137,0.13716785609722137,136,17535,,
0.13707174360752106,0.13707174360752106,137,17663,,
0.13909338414669037,0.13909338414669037,138,17791,,
0.1392921358346939,0.1392921358346939,139,17919,,
0.13665184378623962,0.13665184378623962,140,18047,,
0.13853488862514496,0.13853488862514496,141,18175,,
0.13564494252204895,0.13564494252204895,142,18303,,
0.1369365155696869,0.1369365155696869,143,18431,,
0.13841712474822998,0.13841712474822998,144,18559,,
0.13832494616508484,0.13832494616508484,145,18687,,
0.13573022186756134,0.13573022186756134,146,18815,,
0.14216184616088867,0.14216184616088867,147,18943,,
0.13560850918293,0.13560850918293,148,19071,,
,,149,19199,0.1379024237394333,0.1379024237394333
0.13650663197040558,0.13650663197040558,149,19199,,
0.1408616155385971,0.1408616155385971,150,19327,,
0.13817165791988373,0.13817165791988373,151,19455,,
0.13735559582710266,0.13735559582710266,152,19583,,
0.13918226957321167,0.13918226957321167,153,19711,,
0.13655735552310944,0.13655735552310944,154,19839,,
0.1386203020811081,0.1386203020811081,155,19967,,
0.13467341661453247,0.13467341661453247,156,20095,,
0.13692393898963928,0.13692393898963928,157,20223,,
0.1390438675880432,0.1390438675880432,158,20351,,
0.13689766824245453,0.13689766824245453,159,20479,,
0.137677401304245,0.137677401304245,160,20607,,
0.13445375859737396,0.13445375859737396,161,20735,,
0.1383623480796814,0.1383623480796814,162,20863,,
0.13627852499485016,0.13627852499485016,163,20991,,
0.13986362516880035,0.13986362516880035,164,21119,,
0.13790009915828705,0.13790009915828705,165,21247,,
0.13857434689998627,0.13857434689998627,166,21375,,
0.13852189481258392,0.13852189481258392,167,21503,,
0.1396702378988266,0.1396702378988266,168,21631,,
0.13404881954193115,0.13404881954193115,169,21759,,
0.13738812506198883,0.13738812506198883,170,21887,,
0.13890226185321808,0.13890226185321808,171,22015,,
0.1375553011894226,0.1375553011894226,172,22143,,
0.1387760192155838,0.1387760192155838,173,22271,,
0.13523969054222107,0.13523969054222107,174,22399,,
0.13550110161304474,0.13550110161304474,175,22527,,
0.13640955090522766,0.13640955090522766,176,22655,,
0.13649284839630127,0.13649284839630127,177,22783,,
0.13693256676197052,0.13693256676197052,178,22911,,
0.13951252400875092,0.13951252400875092,179,23039,,
0.13574571907520294,0.13574571907520294,180,23167,,
0.1351516991853714,0.1351516991853714,181,23295,,
0.13814936578273773,0.13814936578273773,182,23423,,
0.13723692297935486,0.13723692297935486,183,23551,,
0.13523466885089874,0.13523466885089874,184,23679,,
0.1375797837972641,0.1375797837972641,185,23807,,
0.13877984881401062,0.13877984881401062,186,23935,,
0.13520613312721252,0.13520613312721252,187,24063,,
0.1365688145160675,0.1365688145160675,188,24191,,
0.13635917007923126,0.13635917007923126,189,24319,,
0.13853825628757477,0.13853825628757477,190,24447,,
0.13881529867649078,0.13881529867649078,191,24575,,
0.13954851031303406,0.13954851031303406,192,24703,,
0.1367698311805725,0.1367698311805725,193,24831,,
0.13799354434013367,0.13799354434013367,194,24959,,
0.14056213200092316,0.14056213200092316,195,25087,,
0.13589754700660706,0.13589754700660706,196,25215,,
0.13936537504196167,0.13936537504196167,197,25343,,
0.13738758862018585,0.13738758862018585,198,25471,,
,,199,25599,0.13696633279323578,0.13696633279323578
0.13616923987865448,0.13616923987865448,199,25599,,
0.13684196770191193,0.13684196770191193,200,25727,,
0.14090093970298767,0.14090093970298767,201,25855,,
0.13810251653194427,0.13810251653194427,202,25983,,
0.13720916211605072,0.13720916211605072,203,26111,,
0.13897393643856049,0.13897393643856049,204,26239,,
0.13836658000946045,0.13836658000946045,205,26367,,
0.13719210028648376,0.13719210028648376,206,26495,,
0.135371133685112,0.135371133685112,207,26623,,
0.1353597640991211,0.1353597640991211,208,26751,,
0.14092570543289185,0.14092570543289185,209,26879,,
0.13549041748046875,0.13549041748046875,210,27007,,
0.13685090839862823,0.13685090839862823,211,27135,,
0.1403408646583557,0.1403408646583557,212,27263,,
0.13615921139717102,0.13615921139717102,213,27391,,
0.1406003087759018,0.1406003087759018,214,27519,,
0.13560587167739868,0.13560587167739868,215,27647,,
0.13931843638420105,0.13931843638420105,216,27775,,
0.13597987592220306,0.13597987592220306,217,27903,,
0.1359766572713852,0.1359766572713852,218,28031,,
0.13898001611232758,0.13898001611232758,219,28159,,
0.13250601291656494,0.13250601291656494,220,28287,,
0.13526076078414917,0.13526076078414917,221,28415,,
0.13606823980808258,0.13606823980808258,222,28543,,
0.13573198020458221,0.13573198020458221,223,28671,,
0.13751964271068573,0.13751964271068573,224,28799,,
0.1383180320262909,0.1383180320262909,225,28927,,
0.13602522015571594,0.13602522015571594,226,29055,,
0.13312353193759918,0.13312353193759918,227,29183,,
0.13686849176883698,0.13686849176883698,228,29311,,
0.1413983553647995,0.1413983553647995,229,29439,,
0.13481873273849487,0.13481873273849487,230,29567,,
0.14030534029006958,0.14030534029006958,231,29695,,
0.13626576960086823,0.13626576960086823,232,29823,,
0.13699965178966522,0.13699965178966522,233,29951,,
0.13896365463733673,0.13896365463733673,234,30079,,
0.13628613948822021,0.13628613948822021,235,30207,,
0.13773828744888306,0.13773828744888306,236,30335,,
0.13758693635463715,0.13758693635463715,237,30463,,
0.1370161920785904,0.1370161920785904,238,30591,,
0.1354961097240448,0.1354961097240448,239,30719,,
0.13456033170223236,0.13456033170223236,240,30847,,
0.1346077024936676,0.1346077024936676,241,30975,,
0.13701920211315155,0.13701920211315155,242,31103,,
0.1365135908126831,0.1365135908126831,243,31231,,
0.13698475062847137,0.13698475062847137,244,31359,,
0.13758759200572968,0.13758759200572968,245,31487,,
0.13872922956943512,0.13872922956943512,246,31615,,
0.13985614478588104,0.13985614478588104,247,31743,,
0.13554325699806213,0.13554325699806213,248,31871,,
,,249,31999,0.13669626414775848,0.13669626414775848
0.1379251927137375,0.1379251927137375,249,31999,,
0.13907290995121002,0.13907290995121002,250,32127,,
0.13440851867198944,0.13440851867198944,251,32255,,
0.13887089490890503,0.13887089490890503,252,32383,,
0.133184552192688,0.133184552192688,253,32511,,
0.13790957629680634,0.13790957629680634,254,32639,,
0.13866090774536133,0.13866090774536133,255,32767,,
0.13940228521823883,0.13940228521823883,256,32895,,
0.13794255256652832,0.13794255256652832,257,33023,,
0.13879802823066711,0.13879802823066711,258,33151,,
0.13834862411022186,0.13834862411022186,259,33279,,
0.1386924684047699,0.1386924684047699,260,33407,,
0.1370505392551422,0.1370505392551422,261,33535,,
0.13924840092658997,0.13924840092658997,262,33663,,
0.13767601549625397,0.13767601549625397,263,33791,,
0.13707977533340454,0.13707977533340454,264,33919,,
0.1369030624628067,0.1369030624628067,265,34047,,
0.13848093152046204,0.13848093152046204,266,34175,,
0.1358257681131363,0.1358257681131363,267,34303,,
0.13706818222999573,0.13706818222999573,268,34431,,
0.1362663209438324,0.1362663209438324,269,34559,,
0.1371321976184845,0.1371321976184845,270,34687,,
0.13907356560230255,0.13907356560230255,271,34815,,
0.13967765867710114,0.13967765867710114,272,34943,,
0.14064888656139374,0.14064888656139374,273,35071,,
0.1387081891298294,0.1387081891298294,274,35199,,
0.137687087059021,0.137687087059021,275,35327,,
0.1370067596435547,0.1370067596435547,276,35455,,
0.13677822053432465,0.13677822053432465,277,35583,,
0.1367531567811966,0.1367531567811966,278,35711,,
0.1385353058576584,0.1385353058576584,279,35839,,
0.1357349306344986,0.1357349306344986,280,35967,,
0.13597819209098816,0.13597819209098816,281,36095,,
0.13823595643043518,0.13823595643043518,282,36223,,
0.1384071260690689,0.1384071260690689,283,36351,,
0.1394025683403015,0.1394025683403015,284,36479,,
0.13324421644210815,0.13324421644210815,285,36607,,
0.1366865038871765,0.1366865038871765,286,36735,,
0.13827162981033325,0.13827162981033325,287,36863,,
0.13832314312458038,0.13832314312458038,288,36991,,
0.13515707850456238,0.13515707850456238,289,37119,,
0.13571013510227203,0.13571013510227203,290,37247,,
0.13531817495822906,0.13531817495822906,291,37375,,
0.13509036600589752,0.13509036600589752,292,37503,,
0.13769783079624176,0.13769783079624176,293,37631,,
0.13556717336177826,0.13556717336177826,294,37759,,
0.139264315366745,0.139264315366745,295,37887,,
0.13538141548633575,0.13538141548633575,296,38015,,
0.13610365986824036,0.13610365986824036,297,38143,,
0.13683010637760162,0.13683010637760162,298,38271,,
,,299,38399,0.13683253526687622,0.13683253526687622
0.13727307319641113,0.13727307319641113,299,38399,,
0.13816311955451965,0.13816311955451965,300,38527,,
0.13397596776485443,0.13397596776485443,301,38655,,
0.1400524228811264,0.1400524228811264,302,38783,,
0.13604237139225006,0.13604237139225006,303,38911,,
0.13760031759738922,0.13760031759738922,304,39039,,
0.13910844922065735,0.13910844922065735,305,39167,,
0.1383105218410492,0.1383105218410492,306,39295,,
0.1362098753452301,0.1362098753452301,307,39423,,
0.13916602730751038,0.13916602730751038,308,39551,,
0.13416661322116852,0.13416661322116852,309,39679,,
0.13557402789592743,0.13557402789592743,310,39807,,
0.13783684372901917,0.13783684372901917,311,39935,,
0.1363307535648346,0.1363307535648346,312,40063,,
0.13635310530662537,0.13635310530662537,313,40191,,
0.13504938781261444,0.13504938781261444,314,40319,,
0.13793477416038513,0.13793477416038513,315,40447,,
0.13947555422782898,0.13947555422782898,316,40575,,
0.13787326216697693,0.13787326216697693,317,40703,,
0.13828536868095398,0.13828536868095398,318,40831,,
0.13531148433685303,0.13531148433685303,319,40959,,
0.13600696623325348,0.13600696623325348,320,41087,,
0.13814303278923035,0.13814303278923035,321,41215,,
0.13770072162151337,0.13770072162151337,322,41343,,
0.137290820479393,0.137290820479393,323,41471,,
0.13946737349033356,0.13946737349033356,324,41599,,
0.13547638058662415,0.13547638058662415,325,41727,,
0.13715359568595886,0.13715359568595886,326,41855,,
0.13703115284442902,0.13703115284442902,327,41983,,
0.13645727932453156,0.13645727932453156,328,42111,,
0.13889214396476746,0.13889214396476746,329,42239,,
0.14008460938930511,0.14008460938930511,330,42367,,
0.13687004148960114,0.13687004148960114,331,42495,,
0.1377846896648407,0.1377846896648407,332,42623,,
0.1364305317401886,0.1364305317401886,333,42751,,
0.13310886919498444,0.13310886919498444,334,42879,,
0.13450340926647186,0.13450340926647186,335,43007,,
0.1399940401315689,0.1399940401315689,336,43135,,
0.13498671352863312,0.13498671352863312,337,43263,,
0.13620996475219727,0.13620996475219727,338,43391,,
0.1353471875190735,0.1353471875190735,339,43519,,
0.1398533284664154,0.1398533284664154,340,43647,,
0.13484527170658112,0.13484527170658112,341,43775,,
0.13911715149879456,0.13911715149879456,342,43903,,
0.1358284205198288,0.1358284205198288,343,44031,,
0.13780546188354492,0.13780546188354492,344,44159,,
0.13790909945964813,0.13790909945964813,345,44287,,
0.13640864193439484,0.13640864193439484,346,44415,,
0.13722585141658783,0.13722585141658783,347,44543,,
0.13624101877212524,0.13624101877212524,348,44671,,
,,349,44799,0.13697461783885956,0.13697461783885956
0.13651412725448608,0.13651412725448608,349,44799,,
0.13872085511684418,0.13872085511684418,350,44927,,
0.13604561984539032,0.13604561984539032,351,45055,,
0.13688801229000092,0.13688801229000092,352,45183,,
0.13525472581386566,0.13525472581386566,353,45311,,
0.13913211226463318,0.13913211226463318,354,45439,,
0.13287565112113953,0.13287565112113953,355,45567,,
0.13829973340034485,0.13829973340034485,356,45695,,
0.13772259652614594,0.13772259652614594,357,45823,,
0.13629205524921417,0.13629205524921417,358,45951,,
0.13480664789676666,0.13480664789676666,359,46079,,
0.13795414566993713,0.13795414566993713,360,46207,,
0.1365758180618286,0.1365758180618286,361,46335,,
0.13914266228675842,0.13914266228675842,362,46463,,
0.13497145473957062,0.13497145473957062,363,46591,,
0.13697998225688934,0.13697998225688934,364,46719,,
0.13573677837848663,0.13573677837848663,365,46847,,
0.13611894845962524,0.13611894845962524,366,46975,,
0.1363207846879959,0.1363207846879959,367,47103,,
0.13855920732021332,0.13855920732021332,368,47231,,
0.13906323909759521,0.13906323909759521,369,47359,,
0.13791824877262115,0.13791824877262115,370,47487,,
0.13794608414173126,0.13794608414173126,371,47615,,
0.13784179091453552,0.13784179091453552,372,47743,,
0.1412644386291504,0.1412644386291504,373,47871,,
0.13778454065322876,0.13778454065322876,374,47999,,
0.1364498883485794,0.1364498883485794,375,48127,,
0.13756196200847626,0.13756196200847626,376,48255,,
0.13793766498565674,0.13793766498565674,377,48383,,
0.13529439270496368,0.13529439270496368,378,48511,,
0.13336600363254547,0.13336600363254547,379,48639,,
0.13729993999004364,0.13729993999004364,380,48767,,
0.13486447930335999,0.13486447930335999,381,48895,,
0.13465313613414764,0.13465313613414764,382,49023,,
0.13790148496627808,0.13790148496627808,383,49151,,
0.1383708119392395,0.1383708119392395,384,49279,,
0.13775119185447693,0.13775119185447693,385,49407,,
0.13619814813137054,0.13619814813137054,386,49535,,
0.13738445937633514,0.13738445937633514,387,49663,,
0.13534745573997498,0.13534745573997498,388,49791,,
0.13709725439548492,0.13709725439548492,389,49919,,
0.136183500289917,0.136183500289917,390,50047,,
0.13905982673168182,0.13905982673168182,391,50175,,
0.13615106046199799,0.13615106046199799,392,50303,,
0.13925011456012726,0.13925011456012726,393,50431,,
0.13512416183948517,0.13512416183948517,394,50559,,
0.13532564043998718,0.13532564043998718,395,50687,,
0.1361786425113678,0.1361786425113678,396,50815,,
0.13747566938400269,0.13747566938400269,397,50943,,
0.1358148455619812,0.1358148455619812,398,51071,,
,,399,51199,0.13726769387722015,0.13726769387722015
0.14076250791549683,0.14076250791549683,399,51199,,
0.1383131593465805,0.1383131593465805,400,51327,,
0.1359235793352127,0.1359235793352127,401,51455,,
0.13388414680957794,0.13388414680957794,402,51583,,
0.1391230672597885,0.1391230672597885,403,51711,,
0.1342603862285614,0.1342603862285614,404,51839,,
0.13647720217704773,0.13647720217704773,405,51967,,
0.13145636022090912,0.13145636022090912,406,52095,,
0.13717257976531982,0.13717257976531982,407,52223,,
0.13583341240882874,0.13583341240882874,408,52351,,
0.13865439593791962,0.13865439593791962,409,52479,,
0.13930390775203705,0.13930390775203705,410,52607,,
0.1382155865430832,0.1382155865430832,411,52735,,
0.13869774341583252,0.13869774341583252,412,52863,,
0.13742110133171082,0.13742110133171082,413,52991,,
0.13439567387104034,0.13439567387104034,414,53119,,
0.13613712787628174,0.13613712787628174,415,53247,,
0.13907745480537415,0.13907745480537415,416,53375,,
0.13534663617610931,0.13534663617610931,417,53503,,
0.13689249753952026,0.13689249753952026,418,53631,,
0.13741838932037354,0.13741838932037354,419,53759,,
0.13742467761039734,0.13742467761039734,420,53887,,
0.137557253241539,0.137557253241539,421,54015,,
0.13793379068374634,0.13793379068374634,422,54143,,
0.1356094926595688,0.1356094926595688,423,54271,,
0.137056365609169,0.137056365609169,424,54399,,
0.13478219509124756,0.13478219509124756,425,54527,,
0.14015041291713715,0.14015041291713715,426,54655,,
0.13526864349842072,0.13526864349842072,427,54783,,
0.13605253398418427,0.13605253398418427,428,54911,,
0.13866426050662994,0.13866426050662994,429,55039,,
0.13446593284606934,0.13446593284606934,430,55167,,
0.13372746109962463,0.13372746109962463,431,55295,,
0.13914361596107483,0.13914361596107483,432,55423,,
0.13532234728336334,0.13532234728336334,433,55551,,
0.1402658224105835,0.1402658224105835,434,55679,,
0.13905072212219238,0.13905072212219238,435,55807,,
0.13819654285907745,0.13819654285907745,436,55935,,
0.13788314163684845,0.13788314163684845,437,56063,,
0.13880401849746704,0.13880401849746704,438,56191,,
0.1380750983953476,0.1380750983953476,439,56319,,
0.1411879062652588,0.1411879062652588,440,56447,,
0.14108669757843018,0.14108669757843018,441,56575,,
0.13936486840248108,0.13936486840248108,442,56703,,
0.13791629672050476,0.13791629672050476,443,56831,,
0.13541154563426971,0.13541154563426971,444,56959,,
0.13487255573272705,0.13487255573272705,445,57087,,
0.1374790072441101,0.1374790072441101,446,57215,,
0.13682033121585846,0.13682033121585846,447,57343,,
0.1342337429523468,0.1342337429523468,448,57471,,
,,449,57599,0.1365889459848404,0.1365889459848404
0.13544300198554993,0.13544300198554993,449,57599,,
0.13624170422554016,0.13624170422554016,450,57727,,
0.13598813116550446,0.13598813116550446,451,57855,,
0.13493499159812927,0.13493499159812927,452,57983,,
0.1349111646413803,0.1349111646413803,453,58111,,
0.13811266422271729,0.13811266422271729,454,58239,,
0.13748782873153687,0.13748782873153687,455,58367,,
0.13659855723381042,0.13659855723381042,456,58495,,
0.13794998824596405,0.13794998824596405,457,58623,,
0.13724027574062347,0.13724027574062347,458,58751,,
0.13844041526317596,0.13844041526317596,459,58879,,
0.13497886061668396,0.13497886061668396,460,59007,,
0.13756230473518372,0.13756230473518372,461,59135,,
0.1363241821527481,0.1363241821527481,462,59263,,
0.1371077597141266,0.1371077597141266,463,59391,,
0.13699489831924438,0.13699489831924438,464,59519,,
0.1368950456380844,0.1368950456380844,465,59647,,
0.13783597946166992,0.13783597946166992,466,59775,,
0.13799619674682617,0.13799619674682617,467,59903,,
0.13627710938453674,0.13627710938453674,468,60031,,
0.1352849155664444,0.1352849155664444,469,60159,,
0.13495630025863647,0.13495630025863647,470,60287,,
0.1358242779970169,0.1358242779970169,471,60415,,
0.13828425109386444,0.13828425109386444,472,60543,,
0.1355881243944168,0.1355881243944168,473,60671,,
0.1381160318851471,0.1381160318851471,474,60799,,
0.13511815667152405,0.13511815667152405,475,60927,,
0.13646532595157623,0.13646532595157623,476,61055,,
0.13810960948467255,0.13810960948467255,477,61183,,
0.1355026811361313,0.1355026811361313,478,61311,,
0.13747099041938782,0.13747099041938782,479,61439,,
0.13582703471183777,0.13582703471183777,480,61567,,
0.14064761996269226,0.14064761996269226,481,61695,,
0.13730376958847046,0.13730376958847046,482,61823,,
0.13681167364120483,0.13681167364120483,483,61951,,
0.13844117522239685,0.13844117522239685,484,62079,,
0.13737420737743378,0.13737420737743378,485,62207,,
0.13786350190639496,0.13786350190639496,486,62335,,
0.13548016548156738,0.13548016548156738,487,62463,,
0.1365727037191391,0.1365727037191391,488,62591,,
0.13529017567634583,0.13529017567634583,489,62719,,
0.1364954710006714,0.1364954710006714,490,62847,,
0.13908451795578003,0.13908451795578003,491,62975,,
0.1360783576965332,0.1360783576965332,492,63103,,
0.13422319293022156,0.13422319293022156,493,63231,,
0.1339619755744934,0.1339619755744934,494,63359,,
0.13846810162067413,0.13846810162067413,495,63487,,
0.13681358098983765,0.13681358098983765,496,63615,,
0.13539686799049377,0.13539686799049377,497,63743,,
0.13755835592746735,0.13755835592746735,498,63871,,
,,499,63999,0.13642573356628418,0.13642573356628418
0.13723278045654297,0.13723278045654297,499,63999,,
0.13550402224063873,0.13550402224063873,500,64127,,
0.1343768835067749,0.1343768835067749,501,64255,,
0.1382666379213333,0.1382666379213333,502,64383,,
0.13694164156913757,0.13694164156913757,503,64511,,
0.13902698457241058,0.13902698457241058,504,64639,,
0.13769391179084778,0.13769391179084778,505,64767,,
0.13428662717342377,0.13428662717342377,506,64895,,
0.1380130648612976,0.1380130648612976,507,65023,,
0.1379358023405075,0.1379358023405075,508,65151,,
0.13750186562538147,0.13750186562538147,509,65279,,
0.14107346534729004,0.14107346534729004,510,65407,,
0.13765902817249298,0.13765902817249298,511,65535,,
0.13427726924419403,0.13427726924419403,512,65663,,
0.13731414079666138,0.13731414079666138,513,65791,,
0.1427464634180069,0.1427464634180069,514,65919,,
0.13971702754497528,0.13971702754497528,515,66047,,
0.13405749201774597,0.13405749201774597,516,66175,,
0.13900762796401978,0.13900762796401978,517,66303,,
0.1342746615409851,0.1342746615409851,518,66431,,
0.13310931622982025,0.13310931622982025,519,66559,,
0.13358314335346222,0.13358314335346222,520,66687,,
0.13376063108444214,0.13376063108444214,521,66815,,
0.13770434260368347,0.13770434260368347,522,66943,,
0.1357215940952301,0.1357215940952301,523,67071,,
0.1370353251695633,0.1370353251695633,524,67199,,
0.13818201422691345,0.13818201422691345,525,67327,,
0.1370624303817749,0.1370624303817749,526,67455,,
0.13449621200561523,0.13449621200561523,527,67583,,
0.13656184077262878,0.13656184077262878,528,67711,,
0.13749167323112488,0.13749167323112488,529,67839,,
0.13800057768821716,0.13800057768821716,530,67967,,
0.13604123890399933,0.13604123890399933,531,68095,,
0.13750429451465607,0.13750429451465607,532,68223,,
0.13676883280277252,0.13676883280277252,533,68351,,
0.1363367885351181,0.1363367885351181,534,68479,,
0.13734866678714752,0.13734866678714752,535,68607,,
0.13572242856025696,0.13572242856025696,536,68735,,
0.13635556399822235,0.13635556399822235,537,68863,,
0.13620403409004211,0.13620403409004211,538,68991,,
0.13803383708000183,0.13803383708000183,539,69119,,
0.13611766695976257,0.13611766695976257,540,69247,,
0.13504570722579956,0.13504570722579956,541,69375,,
0.1360473781824112,0.1360473781824112,542,69503,,
0.13788892328739166,0.13788892328739166,543,69631,,
0.13673849403858185,0.13673849403858185,544,69759,,
0.13584522902965546,0.13584522902965546,545,69887,,
0.13832806050777435,0.13832806050777435,546,70015,,
0.13407142460346222,0.13407142460346222,547,70143,,
0.1373271644115448,0.1373271644115448,548,70271,,
,,549,70399,0.13675208389759064,0.13675208389759064
0.13774733245372772,0.13774733245372772,549,70399,,
0.13647696375846863,0.13647696375846863,550,70527,,
0.13863299787044525,0.13863299787044525,551,70655,,
0.139527827501297,0.139527827501297,552,70783,,
0.1374283879995346,0.1374283879995346,553,70911,,
0.1379334032535553,0.1379334032535553,554,71039,,
0.13781961798667908,0.13781961798667908,555,71167,,
0.13686466217041016,0.13686466217041016,556,71295,,
0.13916844129562378,0.13916844129562378,557,71423,,
0.13598604500293732,0.13598604500293732,558,71551,,
0.13957317173480988,0.13957317173480988,559,71679,,
0.1385524421930313,0.1385524421930313,560,71807,,
0.1364331692457199,0.1364331692457199,561,71935,,
0.13890120387077332,0.13890120387077332,562,72063,,
0.13604217767715454,0.13604217767715454,563,72191,,
0.13443468511104584,0.13443468511104584,564,72319,,
0.13756640255451202,0.13756640255451202,565,72447,,
0.13701842725276947,0.13701842725276947,566,72575,,
0.13320933282375336,0.13320933282375336,567,72703,,
0.1370716243982315,0.1370716243982315,568,72831,,
0.1373731791973114,0.1373731791973114,569,72959,,
0.13623270392417908,0.13623270392417908,570,73087,,
0.13649046421051025,0.13649046421051025,571,73215,,
0.13485141098499298,0.13485141098499298,572,73343,,
0.13765746355056763,0.13765746355056763,573,73471,,
0.13683244585990906,0.13683244585990906,574,73599,,
0.1363404542207718,0.1363404542207718,575,73727,,
0.13498561084270477,0.13498561084270477,576,73855,,
0.1340085119009018,0.1340085119009018,577,73983,,
0.1342993974685669,0.1342993974685669,578,74111,,
0.13394464552402496,0.13394464552402496,579,74239,,
0.13715457916259766,0.13715457916259766,580,74367,,
0.1366453617811203,0.1366453617811203,581,74495,,
0.13751670718193054,0.13751670718193054,582,74623,,
0.13656045496463776,0.13656045496463776,583,74751,,
0.13678030669689178,0.13678030669689178,584,74879,,
0.1368887722492218,0.1368887722492218,585,75007,,
0.1357184797525406,0.1357184797525406,586,75135,,
0.13762657344341278,0.13762657344341278,587,75263,,
0.13617415726184845,0.13617415726184845,588,75391,,
0.13806110620498657,0.13806110620498657,589,75519,,
0.1364337056875229,0.1364337056875229,590,75647,,
0.1362409144639969,0.1362409144639969,591,75775,,
0.13251958787441254,0.13251958787441254,592,75903,,
0.13673168420791626,0.13673168420791626,593,76031,,
0.13544729351997375,0.13544729351997375,594,76159,,
0.13539987802505493,0.13539987802505493,595,76287,,
0.1356823891401291,0.1356823891401291,596,76415,,
0.13556388020515442,0.13556388020515442,597,76543,,
0.1359768807888031,0.1359768807888031,598,76671,,
,,599,76799,0.13690321147441864,0.13690321147441864
0.13645467162132263,0.13645467162132263,599,76799,,
0.13904227316379547,0.13904227316379547,600,76927,,
0.13448314368724823,0.13448314368724823,601,77055,,
0.13559293746948242,0.13559293746948242,602,77183,,
0.136530801653862,0.136530801653862,603,77311,,
0.136375293135643,0.136375293135643,604,77439,,
0.13639357686042786,0.13639357686042786,605,77567,,
0.13776692748069763,0.13776692748069763,606,77695,,
0.13580814003944397,0.13580814003944397,607,77823,,
0.13420012593269348,0.13420012593269348,608,77951,,
0.13690249621868134,0.13690249621868134,609,78079,,
0.13640785217285156,0.13640785217285156,610,78207,,
0.13502337038516998,0.13502337038516998,611,78335,,
0.1390753984451294,0.1390753984451294,612,78463,,
0.13404890894889832,0.13404890894889832,613,78591,,
0.13667023181915283,0.13667023181915283,614,78719,,
0.13653697073459625,0.13653697073459625,615,78847,,
0.13630618155002594,0.13630618155002594,616,78975,,
0.13583099842071533,0.13583099842071533,617,79103,,
0.13920363783836365,0.13920363783836365,618,79231,,
0.13763368129730225,0.13763368129730225,619,79359,,
0.13793928921222687,0.13793928921222687,620,79487,,
0.13689102232456207,0.13689102232456207,621,79615,,
0.13526704907417297,0.13526704907417297,622,79743,,
0.13400955498218536,0.13400955498218536,623,79871,,
0.13706566393375397,0.13706566393375397,624,79999,,
0.1343500316143036,0.1343500316143036,625,80127,,
0.13614580035209656,0.13614580035209656,626,80255,,
0.13870088756084442,0.13870088756084442,627,80383,,
0.13693511486053467,0.13693511486053467,628,80511,,
0.13816553354263306,0.13816553354263306,629,80639,,
0.13840512931346893,0.13840512931346893,630,80767,,
0.1374015063047409,0.1374015063047409,631,80895,,
0.13686750829219818,0.13686750829219818,632,81023,,
0.13683104515075684,0.13683104515075684,633,81151,,
0.13421553373336792,0.13421553373336792,634,81279,,
0.1363663226366043,0.1363663226366043,635,81407,,
0.1365218162536621,0.1365218162536621,636,81535,,
0.13482454419136047,0.13482454419136047,637,81663,,
0.1377054899930954,0.1377054899930954,638,81791,,
0.13959988951683044,0.13959988951683044,639,81919,,
0.1392608880996704,0.1392608880996704,640,82047,,
0.1335427314043045,0.1335427314043045,641,82175,,
0.13656732439994812,0.13656732439994812,642,82303,,
0.1397620439529419,0.1397620439529419,643,82431,,
0.13655616343021393,0.13655616343021393,644,82559,,
0.1347363442182541,0.1347363442182541,645,82687,,
0.1322784125804901,0.1322784125804901,646,82815,,
0.13647110760211945,0.13647110760211945,647,82943,,
0.14004266262054443,0.14004266262054443,648,83071,,
,,649,83199,0.13711495697498322,0.13711495697498322
0.1377488225698471,0.1377488225698471,649,83199,,
0.13439930975437164,0.13439930975437164,650,83327,,
0.1384962946176529,0.1384962946176529,651,83455,,
0.13561035692691803,0.13561035692691803,652,83583,,
0.13587616384029388,0.13587616384029388,653,83711,,
0.1351083368062973,0.1351083368062973,654,83839,,
0.13821043074131012,0.13821043074131012,655,83967,,
0.13590309023857117,0.13590309023857117,656,84095,,
0.1369258314371109,0.1369258314371109,657,84223,,
0.13704052567481995,0.13704052567481995,658,84351,,
0.13810406625270844,0.13810406625270844,659,84479,,
0.14083410799503326,0.14083410799503326,660,84607,,
0.13614459335803986,0.13614459335803986,661,84735,,
0.13721732795238495,0.13721732795238495,662,84863,,
0.1353992074728012,0.1353992074728012,663,84991,,
0.13881002366542816,0.13881002366542816,664,85119,,
0.13469013571739197,0.13469013571739197,665,85247,,
0.134759783744812,0.134759783744812,666,85375,,
0.13975022733211517,0.13975022733211517,667,85503,,
0.13539479672908783,0.13539479672908783,668,85631,,
0.13643161952495575,0.13643161952495575,669,85759,,
0.1341119259595871,0.1341119259595871,670,85887,,
0.13796211779117584,0.13796211779117584,671,86015,,
0.13459879159927368,0.13459879159927368,672,86143,,
0.13617689907550812,0.13617689907550812,673,86271,,
0.13796992599964142,0.13796992599964142,674,86399,,
0.13251648843288422,0.13251648843288422,675,86527,,
0.13642030954360962,0.13642030954360962,676,86655,,
0.1362806260585785,0.1362806260585785,677,86783,,
0.1347293108701706,0.1347293108701706,678,86911,,
0.13921672105789185,0.13921672105789185,679,87039,,
0.13906149566173553,0.13906149566173553,680,87167,,
0.13533523678779602,0.13533523678779602,681,87295,,
0.13590188324451447,0.13590188324451447,682,87423,,
0.1364559531211853,0.1364559531211853,683,87551,,
0.1354299783706665,0.1354299783706665,684,87679,,
0.13900302350521088,0.13900302350521088,685,87807,,
0.13536585867404938,0.13536585867404938,686,87935,,
0.1342683881521225,0.1342683881521225,687,88063,,
0.1371890753507614,0.1371890753507614,688,88191,,
0.13783341646194458,0.13783341646194458,689,88319,,
0.13773733377456665,0.13773733377456665,690,88447,,
0.138689786195755,0.138689786195755,691,88575,,
0.13341782987117767,0.13341782987117767,692,88703,,
0.1347632110118866,0.1347632110118866,693,88831,,
0.13798333704471588,0.13798333704471588,694,88959,,
0.13750486075878143,0.13750486075878143,695,89087,,
0.13633888959884644,0.13633888959884644,696,89215,,
0.13927201926708221,0.13927201926708221,697,89343,,
0.13457611203193665,0.13457611203193665,698,89471,,
,,699,89599,0.13654005527496338,0.13654005527496338
0.13899873197078705,0.13899873197078705,699,89599,,
0.13762088119983673,0.13762088119983673,700,89727,,
0.13587737083435059,0.13587737083435059,701,89855,,
0.14090225100517273,0.14090225100517273,702,89983,,
0.13495229184627533,0.13495229184627533,703,90111,,
0.13788017630577087,0.13788017630577087,704,90239,,
0.13849849998950958,0.13849849998950958,705,90367,,
0.13383179903030396,0.13383179903030396,706,90495,,
0.135642409324646,0.135642409324646,707,90623,,
0.14042030274868011,0.14042030274868011,708,90751,,
0.13603575527668,0.13603575527668,709,90879,,
0.13811784982681274,0.13811784982681274,710,91007,,
0.13785092532634735,0.13785092532634735,711,91135,,
0.13381178677082062,0.13381178677082062,712,91263,,
0.13679012656211853,0.13679012656211853,713,91391,,
0.1378454715013504,0.1378454715013504,714,91519,,
0.1351345032453537,0.1351345032453537,715,91647,,
0.1344471573829651,0.1344471573829651,716,91775,,
0.13604798913002014,0.13604798913002014,717,91903,,
0.1365385502576828,0.1365385502576828,718,92031,,
0.13614462316036224,0.13614462316036224,719,92159,,
0.13850663602352142,0.13850663602352142,720,92287,,
0.1360895335674286,0.1360895335674286,721,92415,,
0.13675011694431305,0.13675011694431305,722,92543,,
0.13403908908367157,0.13403908908367157,723,92671,,
0.13800519704818726,0.13800519704818726,724,92799,,
0.13760915398597717,0.13760915398597717,725,92927,,
0.13633993268013,0.13633993268013,726,93055,,
0.1346011757850647,0.1346011757850647,727,93183,,
0.13369907438755035,0.13369907438755035,728,93311,,
0.13634240627288818,0.13634240627288818,729,93439,,
0.13564494252204895,0.13564494252204895,730,93567,,
0.1354103684425354,0.1354103684425354,731,93695,,
0.1354854702949524,0.1354854702949524,732,93823,,
0.1355319321155548,0.1355319321155548,733,93951,,
0.13577085733413696,0.13577085733413696,734,94079,,
0.13651202619075775,0.13651202619075775,735,94207,,
0.13537374138832092,0.13537374138832092,736,94335,,
0.13723653554916382,0.13723653554916382,737,94463,,
0.1399744749069214,0.1399744749069214,738,94591,,
0.1359672099351883,0.1359672099351883,739,94719,,
0.13759246468544006,0.13759246468544006,740,94847,,
0.13656911253929138,0.13656911253929138,741,94975,,
0.13749103248119354,0.13749103248119354,742,95103,,
0.1379442662000656,0.1379442662000656,743,95231,,
0.13556621968746185,0.13556621968746185,744,95359,,
0.1374053955078125,0.1374053955078125,745,95487,,
0.1376459002494812,0.1376459002494812,746,95615,,
0.13915464282035828,0.13915464282035828,747,95743,,
0.13464558124542236,0.13464558124542236,748,95871,,
,,749,95999,0.13669535517692566,0.13669535517692566
0.1335427612066269,0.1335427612066269,749,95999,,
0.1392369568347931,0.1392369568347931,750,96127,,
0.1368943601846695,0.1368943601846695,751,96255,,
0.13441802561283112,0.13441802561283112,752,96383,,
0.13589219748973846,0.13589219748973846,753,96511,,
0.1353636384010315,0.1353636384010315,754,96639,,
0.13714708387851715,0.13714708387851715,755,96767,,
0.1367342323064804,0.1367342323064804,756,96895,,
0.13840603828430176,0.13840603828430176,757,97023,,
0.13797450065612793,0.13797450065612793,758,97151,,
0.13899756968021393,0.13899756968021393,759,97279,,
0.13538680970668793,0.13538680970668793,760,97407,,
0.13441979885101318,0.13441979885101318,761,97535,,
0.13823503255844116,0.13823503255844116,762,97663,,
0.137519970536232,0.137519970536232,763,97791,,
0.13695880770683289,0.13695880770683289,764,97919,,
0.13760122656822205,0.13760122656822205,765,98047,,
0.1352566033601761,0.1352566033601761,766,98175,,
0.13847264647483826,0.13847264647483826,767,98303,,
0.13787272572517395,0.13787272572517395,768,98431,,
0.13366113603115082,0.13366113603115082,769,98559,,
0.13463138043880463,0.13463138043880463,770,98687,,
0.13626863062381744,0.13626863062381744,771,98815,,
0.13809846341609955,0.13809846341609955,772,98943,,
0.1391860544681549,0.1391860544681549,773,99071,,
0.1339603215456009,0.1339603215456009,774,99199,,
0.13528823852539062,0.13528823852539062,775,99327,,
0.13345867395401,0.13345867395401,776,99455,,
0.1379048377275467,0.1379048377275467,777,99583,,
0.13435445725917816,0.13435445725917816,778,99711,,
0.13684651255607605,0.13684651255607605,779,99839,,
0.1339736133813858,0.1339736133813858,780,99967,,
0.13641366362571716,0.13641366362571716,781,100095,,
0.13600121438503265,0.13600121438503265,782,100223,,
0.13951091468334198,0.13951091468334198,783,100351,,
0.1364585906267166,0.1364585906267166,784,100479,,
0.13880185782909393,0.13880185782909393,785,100607,,
0.13607971370220184,0.13607971370220184,786,100735,,
0.136846661567688,0.136846661567688,787,100863,,
0.1402255743741989,0.1402255743741989,788,100991,,
0.1366710066795349,0.1366710066795349,789,101119,,
0.1386922299861908,0.1386922299861908,790,101247,,
0.1356971114873886,0.1356971114873886,791,101375,,
0.13936375081539154,0.13936375081539154,792,101503,,
0.13860376179218292,0.13860376179218292,793,101631,,
0.13569068908691406,0.13569068908691406,794,101759,,
0.1374599188566208,0.1374599188566208,795,101887,,
0.13704492151737213,0.13704492151737213,796,102015,,
0.1324087381362915,0.1324087381362915,797,102143,,
0.13796788454055786,0.13796788454055786,798,102271,,
,,799,102399,0.13656830787658691,0.13656830787658691
0.13843011856079102,0.13843011856079102,799,102399,,
0.13692258298397064,0.13692258298397064,800,102527,,
0.13571254909038544,0.13571254909038544,801,102655,,
0.13582836091518402,0.13582836091518402,802,102783,,
0.1357714980840683,0.1357714980840683,803,102911,,
0.13585253059864044,0.13585253059864044,804,103039,,
0.13514524698257446,0.13514524698257446,805,103167,,
0.13865649700164795,0.13865649700164795,806,103295,,
0.13502509891986847,0.13502509891986847,807,103423,,
0.13553407788276672,0.13553407788276672,808,103551,,
0.13753916323184967,0.13753916323184967,809,103679,,
0.13646718859672546,0.13646718859672546,810,103807,,
0.13714779913425446,0.13714779913425446,811,103935,,
0.13460025191307068,0.13460025191307068,812,104063,,
0.13314388692378998,0.13314388692378998,813,104191,,
0.13591352105140686,0.13591352105140686,814,104319,,
0.13544364273548126,0.13544364273548126,815,104447,,
0.13961824774742126,0.13961824774742126,816,104575,,
0.13700677454471588,0.13700677454471588,817,104703,,
0.1344956010580063,0.1344956010580063,818,104831,,
0.13646112382411957,0.13646112382411957,819,104959,,
0.1353599578142166,0.1353599578142166,820,105087,,
0.13415925204753876,0.13415925204753876,821,105215,,
0.13700443506240845,0.13700443506240845,822,105343,,
0.13382665812969208,0.13382665812969208,823,105471,,
0.13393816351890564,0.13393816351890564,824,105599,,
0.13591614365577698,0.13591614365577698,825,105727,,
0.13630451261997223,0.13630451261997223,826,105855,,
0.1379971206188202,0.1379971206188202,827,105983,,
0.13638994097709656,0.13638994097709656,828,106111,,
0.1376175433397293,0.1376175433397293,829,106239,,
0.13851620256900787,0.13851620256900787,830,106367,,
0.13694901764392853,0.13694901764392853,831,106495,,
0.13937121629714966,0.13937121629714966,832,106623,,
0.1368599236011505,0.1368599236011505,833,106751,,
0.13991861045360565,0.13991861045360565,834,106879,,
0.13646773993968964,0.13646773993968964,835,107007,,
0.1387806385755539,0.1387806385755539,836,107135,,
0.14019685983657837,0.14019685983657837,837,107263,,
0.13778544962406158,0.13778544962406158,838,107391,,
0.13390038907527924,0.13390038907527924,839,107519,,
0.13901153206825256,0.13901153206825256,840,107647,,
0.13759945333003998,0.13759945333003998,841,107775,,
0.13192118704319,0.13192118704319,842,107903,,
0.1359175741672516,0.1359175741672516,843,108031,,
0.13651981949806213,0.13651981949806213,844,108159,,
0.13489285111427307,0.13489285111427307,845,108287,,
0.13552889227867126,0.13552889227867126,846,108415,,
0.134138286113739,0.134138286113739,847,108543,,
0.1346011459827423,0.1346011459827423,848,108671,,
,,849,108799,0.13632655143737793,0.13632655143737793
0.13736635446548462,0.13736635446548462,849,108799,,
0.13814349472522736,0.13814349472522736,850,108927,,
0.13799288868904114,0.13799288868904114,851,109055,,
0.13626907765865326,0.13626907765865326,852,109183,,
0.13756783306598663,0.13756783306598663,853,109311,,
0.13658788800239563,0.13658788800239563,854,109439,,
0.13949501514434814,0.13949501514434814,855,109567,,
0.13692638278007507,0.13692638278007507,856,109695,,
0.13777004182338715,0.13777004182338715,857,109823,,
0.13606275618076324,0.13606275618076324,858,109951,,
0.1387743204832077,0.1387743204832077,859,110079,,
0.13556939363479614,0.13556939363479614,860,110207,,
0.13710768520832062,0.13710768520832062,861,110335,,
0.13689589500427246,0.13689589500427246,862,110463,,
0.1387237012386322,0.1387237012386322,863,110591,,
0.1358615607023239,0.1358615607023239,864,110719,,
0.13762667775154114,0.13762667775154114,865,110847,,
0.13495254516601562,0.13495254516601562,866,110975,,
0.13442300260066986,0.13442300260066986,867,111103,,
0.13873960077762604,0.13873960077762604,868,111231,,
0.1398739367723465,0.1398739367723465,869,111359,,
0.13692420721054077,0.13692420721054077,870,111487,,
0.1403069943189621,0.1403069943189621,871,111615,,
0.1358521729707718,0.1358521729707718,872,111743,,
0.13724255561828613,0.13724255561828613,873,111871,,
0.13632267713546753,0.13632267713546753,874,111999,,
0.14076989889144897,0.14076989889144897,875,112127,,
0.1341172158718109,0.1341172158718109,876,112255,,
0.1350957453250885,0.1350957453250885,877,112383,,
0.13558940589427948,0.13558940589427948,878,112511,,
0.13580067455768585,0.13580067455768585,879,112639,,
0.13603828847408295,0.13603828847408295,880,112767,,
0.1398276835680008,0.1398276835680008,881,112895,,
0.13825124502182007,0.13825124502182007,882,113023,,
0.1374945044517517,0.1374945044517517,883,113151,,
0.13698767125606537,0.13698767125606537,884,113279,,
0.1346796602010727,0.1346796602010727,885,113407,,
0.1373908817768097,0.1373908817768097,886,113535,,
0.1364062875509262,0.1364062875509262,887,113663,,
0.13720998167991638,0.13720998167991638,888,113791,,
0.13671381771564484,0.13671381771564484,889,113919,,
0.13851027190685272,0.13851027190685272,890,114047,,
0.13871723413467407,0.13871723413467407,891,114175,,
0.13346801698207855,0.13346801698207855,892,114303,,
0.13831570744514465,0.13831570744514465,893,114431,,
0.13782164454460144,0.13782164454460144,894,114559,,
0.13794218003749847,0.13794218003749847,895,114687,,
0.1332431584596634,0.1332431584596634,896,114815,,
0.13831937313079834,0.13831937313079834,897,114943,,
0.13710513710975647,0.13710513710975647,898,115071,,
,,899,115199,0.13636618852615356,0.13636618852615356
0.13872207701206207,0.13872207701206207,899,115199,,
0.13499882817268372,0.13499882817268372,900,115327,,
0.13446660339832306,0.13446660339832306,901,115455,,
0.13530473411083221,0.13530473411083221,902,115583,,
0.13365349173545837,0.13365349173545837,903,115711,,
0.1369619220495224,0.1369619220495224,904,115839,,
0.1356031894683838,0.1356031894683838,905,115967,,
0.13617387413978577,0.13617387413978577,906,116095,,
0.1374015212059021,0.1374015212059021,907,116223,,
0.13654090464115143,0.13654090464115143,908,116351,,
0.1342158168554306,0.1342158168554306,909,116479,,
0.13640433549880981,0.13640433549880981,910,116607,,
0.1377461850643158,0.1377461850643158,911,116735,,
0.13413405418395996,0.13413405418395996,912,116863,,
0.13893422484397888,0.13893422484397888,913,116991,,
0.13554450869560242,0.13554450869560242,914,117119,,
0.13481789827346802,0.13481789827346802,915,117247,,
0.13469837605953217,0.13469837605953217,916,117375,,
0.13700143992900848,0.13700143992900848,917,117503,,
0.13540063798427582,0.13540063798427582,918,117631,,
0.13554565608501434,0.13554565608501434,919,117759,,
0.13657215237617493,0.13657215237617493,920,117887,,
0.13846227526664734,0.13846227526664734,921,118015,,
0.13852408528327942,0.13852408528327942,922,118143,,
0.1363474577665329,0.1363474577665329,923,118271,,
0.13460776209831238,0.13460776209831238,924,118399,,
0.13406965136528015,0.13406965136528015,925,118527,,
0.13931140303611755,0.13931140303611755,926,118655,,
0.1334277093410492,0.1334277093410492,927,118783,,
0.13653895258903503,0.13653895258903503,928,118911,,
0.1355041265487671,0.1355041265487671,929,119039,,
0.13757172226905823,0.13757172226905823,930,119167,,
0.14091821014881134,0.14091821014881134,931,119295,,
0.13805045187473297,0.13805045187473297,932,119423,,
0.13577653467655182,0.13577653467655182,933,119551,,
0.1349702626466751,0.1349702626466751,934,119679,,
0.1397777795791626,0.1397777795791626,935,119807,,
0.13737817108631134,0.13737817108631134,936,119935,,
0.1372392773628235,0.1372392773628235,937,120063,,
0.13678647577762604,0.13678647577762604,938,120191,,
0.13740867376327515,0.13740867376327515,939,120319,,
0.1350020468235016,0.1350020468235016,940,120447,,
0.1389314979314804,0.1389314979314804,941,120575,,
0.13654834032058716,0.13654834032058716,942,120703,,
0.13738416135311127,0.13738416135311127,943,120831,,
0.13969574868679047,0.13969574868679047,944,120959,,
0.13497893512248993,0.13497893512248993,945,121087,,
0.1389901489019394,0.1389901489019394,946,121215,,
0.13541467487812042,0.13541467487812042,947,121343,,
0.13830432295799255,0.13830432295799255,948,121471,,
,,949,121599,0.13643544912338257,0.13643544912338257
0.13563042879104614,0.13563042879104614,949,121599,,
0.13561202585697174,0.13561202585697174,950,121727,,
0.13630852103233337,0.13630852103233337,951,121855,,
0.1363299936056137,0.1363299936056137,952,121983,,
0.13910579681396484,0.13910579681396484,953,122111,,
0.13692258298397064,0.13692258298397064,954,122239,,
0.13559994101524353,0.13559994101524353,955,122367,,
0.1352512389421463,0.1352512389421463,956,122495,,
0.13749362528324127,0.13749362528324127,957,122623,,
0.13497890532016754,0.13497890532016754,958,122751,,
0.1357955038547516,0.1357955038547516,959,122879,,
0.13541051745414734,0.13541051745414734,960,123007,,
0.13622291386127472,0.13622291386127472,961,123135,,
0.1378554105758667,0.1378554105758667,962,123263,,
0.13847064971923828,0.13847064971923828,963,123391,,
0.13776658475399017,0.13776658475399017,964,123519,,
0.13675662875175476,0.13675662875175476,965,123647,,
0.13286332786083221,0.13286332786083221,966,123775,,
0.13475202023983002,0.13475202023983002,967,123903,,
0.1377680003643036,0.1377680003643036,968,124031,,
0.13835687935352325,0.13835687935352325,969,124159,,
0.13665373623371124,0.13665373623371124,970,124287,,
0.13544395565986633,0.13544395565986633,971,124415,,
0.14020109176635742,0.14020109176635742,972,124543,,
0.13741588592529297,0.13741588592529297,973,124671,,
0.1351637989282608,0.1351637989282608,974,124799,,
0.13768896460533142,0.13768896460533142,975,124927,,
0.13899779319763184,0.13899779319763184,976,125055,,
0.1365155130624771,0.1365155130624771,977,125183,,
0.13339228928089142,0.13339228928089142,978,125311,,
0.13630641996860504,0.13630641996860504,979,125439,,
0.13680769503116608,0.13680769503116608,980,125567,,
0.13980984687805176,0.13980984687805176,981,125695,,
0.13701963424682617,0.13701963424682617,982,125823,,
0.13429829478263855,0.13429829478263855,983,125951,,
0.13609249889850616,0.13609249889850616,984,126079,,
0.13789765536785126,0.13789765536785126,985,126207,,
0.13674922287464142,0.13674922287464142,986,126335,,
0.1407482773065567,0.1407482773065567,987,126463,,
0.13733018934726715,0.13733018934726715,988,126591,,
0.1380407214164734,0.1380407214164734,989,126719,,
0.13800062239170074,0.13800062239170074,990,126847,,
0.13773977756500244,0.13773977756500244,991,126975,,
0.13628774881362915,0.13628774881362915,992,127103,,
0.134250670671463,0.134250670671463,993,127231,,
0.13721223175525665,0.13721223175525665,994,127359,,
0.13499516248703003,0.13499516248703003,995,127487,,
0.13745829463005066,0.13745829463005066,996,127615,,
0.13880354166030884,0.13880354166030884,997,127743,,
0.134133979678154,0.134133979678154,998,127871,,
,,999,127999,0.1364785134792328,0.1364785134792328
0.13755501806735992,0.13755501806735992,999,127999,,
